{"res1": [3840, 2160], "res2": [3840, 2160], "intrinsic1": [[2742.5135660886613, 0.0, 1774.060533715021], [0.0, 2741.1046453942663, 1109.656299867152], [0.0, 0.0, 1.0]], "intrinsic2": [[2605.962483973767, 0.0, 1819.966204289891], [0.0, 2615.93293275354, 1131.8125937973318], [0.0, 0.0, 1.0]], "R": [[0.9996302909918052, 0.026963406115160092, 0.003500865936857171], [-0.02704345046963822, 0.9993143159093058, 0.025289321964269897], [-0.0028165791902809733, -0.025374647768692804, 0.9996740439424641]], "T": [[-102.75423901348037], [-0.6531515707703399], [-17.17598565545302]], "distCoeffs1": [-0.4830428607432961, 0.3802395193894344, -0.009302679112925608, 0.001276272046810794, -0.22945914869030948], "distCoeffs2": [-0.4808809204592519, 0.6808950237626327, -0.007162421827651344, 0.001206547031578008, -1.0588822536490299], "F": [[7.80394675047777e-09, -2.899479653402595e-07, 0.00031800887718434084], [2.9337031045797965e-07, 5.162075597775148e-08, -0.0053086859641642324], [-0.0004970900407708792, 0.004984425498156216, 1.0]], "E": [[-0.4626582642181292, 17.180781846394947, -0.2185696407649255], [-17.4590509901501, -3.0704756983632806, 102.66061482372331], [3.4317392680573335, -102.66617087547999, -2.596298437519733]], "reprojectionError": 3.8649748184021564}