{"Rcommon": [[-0.9852976227820279, -0.028675542677043853, -0.1684230025627783], [0.032634321724246004, -0.9992512397398956, -0.020783669644224265], [-0.16770091110569857, -0.025974470744538243, 0.9854956779630542]], "rectHomography1": [[0.004430291235390836, 7.704729950421235e-05, -0.06262355017281569], [0.0004970900407708792, -0.004984425498156216, -1.0], [-5.536356530600132e-05, -8.57943135997574e-06, 1.0]], "rectHomography2": [[0.004640829313498897, 6.504733421346791e-05, 0.0], [0.00037553328063699606, -0.005309902716244853, 0.0], [-5.752440345265524e-05, 1.2167520806205969e-06, 1.0]], "res1": [3840, 2160], "res2": [3840, 2160], "intrinsic1": [[2742.5135660886613, 0.0, 1774.060533715021], [0.0, 2741.1046453942663, 1109.656299867152], [0.0, 0.0, 1.0]], "intrinsic2": [[2605.962483973767, 0.0, 1819.966204289891], [0.0, 2615.93293275354, 1131.8125937973318], [0.0, 0.0, 1.0]], "R": [[0.9996302909918052, 0.026963406115160092, 0.003500865936857171], [-0.02704345046963822, 0.9993143159093058, 0.025289321964269897], [-0.0028165791902809733, -0.025374647768692804, 0.9996740439424641]], "T": [[-102.75423901348037], [-0.6531515707703399], [-17.17598565545302]], "distCoeffs1": [-0.4830428607432961, 0.3802395193894344, -0.009302679112925608, 0.001276272046810794, -0.22945914869030948], "distCoeffs2": [-0.4808809204592519, 0.6808950237626327, -0.007162421827651344, 0.001206547031578008, -1.0588822536490299], "F": [[7.80394675047777e-09, -2.899479653402595e-07, 0.00031800887718434084], [2.9337031045797965e-07, 5.162075597775148e-08, -0.0053086859641642324], [-0.0004970900407708792, 0.004984425498156216, 1.0]], "E": [[-0.4626582642181292, 17.180781846394947, -0.2185696407649255], [-17.4590509901501, -3.0704756983632806, 102.66061482372331], [3.4317392680573335, -102.66617087547999, -2.596298437519733]], "reprojectionError": 3.8649748184021564}