{"res1": [3840, 2160], "res2": [3840, 2160], "intrinsic1": [[2553.468849249449, 0.0, 1874.6813675905853], [0.0, 2570.2518699583425, 1114.0073003645114], [0.0, 0.0, 1.0]], "intrinsic2": [[2561.591371233699, 0.0, 1904.209912674502], [0.0, 2574.4797802163175, 1204.1140331726535], [0.0, 0.0, 1.0]], "R": [[0.9998011862187397, 0.017405211965072265, 0.00972865006318448], [-0.01735175941575894, 0.9998340320150924, -0.005552014915405926], [-0.00982366941517349, 0.005382101902990521, 0.999937262281153]], "T": [[-223.66843900817673], [2.2144879101628754], [0.9762519622820014]], "distCoeffs1": [-0.4532948485698408, 0.3253302669645114, -0.005844023745339121, 0.005644900242656337, -0.18420066717414316], "distCoeffs2": [-0.4333997043984653, 0.30127791464222065, -0.0052889187974633775, 0.00492262369842016, -0.18065675302264309], "F": [[7.507052616193416e-11, 1.493511617573265e-08, -0.0001051552825270349], [1.894532343077276e-08, -1.8815624482412237e-08, -0.008874813140071634], [-8.953519164240434e-05, 0.008869284948296837, 1.0]], "E": [[-0.004814707974658637, -0.9641713361156222, 2.2197691436987617], [-1.2211869334863055, 1.2207982035596632, 223.66390417424984], [1.666993303120334, -223.6698608395376, 1.2202665315318304]], "reprojectionError": 1.3100419232862601}