{"res1": [3840, 2160], "res2": [3840, 2160], "intrinsic1": [[2589.666734617553, 0.0, 1863.4422976417206], [0.0, 2588.8639983980333, 1232.0860745949783], [0.0, 0.0, 1.0]], "intrinsic2": [[2587.340230381427, 0.0, 1815.2650194192224], [0.0, 2587.9374721697814, 1167.6170381628453], [0.0, 0.0, 1.0]], "R": [[0.9998410728612688, -0.017756918009965185, 0.0015877286967296098], [0.017758019325179328, 0.9998420811697486, -0.0006822549321510139], [-0.0015753632195789685, 0.0007103414202064221, 0.9999985068217818]], "T": [[-146.0198610154371], [-3.166140792301913], [-1.123768750003275]], "distCoeffs1": [-0.46197315652128057, 0.2864239362020046, -0.01189615338138721, 0.009762834005990725, -0.09922063003612822], "distCoeffs2": [-0.4229369006826239, 0.23350481585755187, -0.0069605492057678835, 0.00914356589378856, 0.025213656887593097], "F": [[6.74659922425216e-10, 3.0338657530397775e-08, -0.0002604577626070416], [-3.660340550198532e-08, 3.345434925046434e-09, 0.010289317981265627], [8.1585897021156e-05, -0.010283012452427031, 1.0]], "E": [[0.02494372893179182, 1.121342244809824, -3.166902761461733], [-1.3536244710229939, 0.12367862500801918, 146.01785874186834], [0.5726140928328406, -146.053022632249, 0.10464974296361149]], "reprojectionError": 1.2901758966507906}